message,label
"URGENT! Your account will be suspended. Verify your password immediately.","phishing"
"Click this link now to secure your account.","phishing"
"Your bank account has been blocked. Login immediately to restore access.","phishing"
"Congratulations! You won a prize. Click the link to claim it.","phishing"
"Your password has expired. Verify your credentials now.","phishing"
"Security alert! Confirm your account information immediately.","phishing"
"Your account will be closed unless you verify your identity.","phishing"
"Click here to unlock your account and enter your password.","phishing"
"Your payment failed. Update your card details using this link.","phishing"
"Final warning! Your account will be permanently suspended.","phishing"
"Verify your OTP to prevent account cancellation.","phishing"
"Your email account has unusual activity. Login to verify.","phishing"
"Act now to avoid losing access to your account.","phishing"
"Confirm your banking details immediately to receive your refund.","phishing"
"Your subscription has expired. Click here to renew it.","phishing"
"We detected suspicious activity. Confirm your login information.","phishing"
"Your account requires immediate verification.","phishing"
"Click the attached link and enter your credentials.","phishing"
"Failure to respond will result in account suspension.","phishing"
"Your security verification is incomplete. Complete it now.","phishing"
"Your bank account needs verification. Click the link and confirm your details.","phishing"
"Your credit card has been temporarily locked. Verify your information now.","phishing"
"Your social media account will be deleted unless you confirm your login.","phishing"
"Unusual login detected. Click here and enter your password to secure your account.","phishing"
"You have received a refund. Provide your bank details to claim it.","phishing"
"Your package cannot be delivered. Confirm your payment information using this link.","phishing"
"Your account has been compromised. Login immediately to secure it.","phishing"
"Security warning! Your credentials may expire today. Verify them now.","phishing"
"You have won a cash reward. Enter your personal details to receive the prize.","phishing"
"Your payment method failed. Update your card information immediately.","phishing"
"Your Microsoft account will be locked. Verify your password now.","phishing"
"Your email storage is full. Login through this link to prevent account closure.","phishing"
"Your account has been selected for a security review. Confirm your identity immediately.","phishing"
"Your tax refund is waiting. Click the link and provide your banking information.","phishing"
"Your account has suspicious activity. Send your OTP to confirm ownership.","phishing"
"Immediate action required. Your account access will be removed.","phishing"
"Verify your login credentials to avoid permanent account suspension.","phishing"
"Your online banking session has expired. Login using this link to continue.","phishing"
"Your delivery payment is pending. Click here to complete the payment.","phishing"
"Your account security has been compromised. Verify your credentials now.","phishing"
"Please verify your account through the official website.","legitimate"
"Your monthly statement is now available in your account.","legitimate"
"Your password was successfully changed.","legitimate"
"Your order has been shipped and is on the way.","legitimate"
"Your appointment has been confirmed for tomorrow.","legitimate"
"Your payment was successfully processed.","legitimate"
"Your account settings were updated successfully.","legitimate"
"Your verification code is available in the official application.","legitimate"
"Your subscription renewal was completed successfully.","legitimate"
"Your requested report is ready to view.","legitimate"
"Your profile information was updated.","legitimate"
"Your transaction has been completed successfully.","legitimate"
"Your account login was successful.","legitimate"
"Your support request has been received.","legitimate"
"Your application has been submitted successfully.","legitimate"
"Your delivery is scheduled for tomorrow.","legitimate"
"Your invoice is available in your account dashboard.","legitimate"
"Your security settings were updated successfully.","legitimate"
"Your requested password reset was completed.","legitimate"
"Your account activity report is available.","legitimate"
"Your order confirmation is available in your account.","legitimate"
"Your bank statement for this month is ready to view.","legitimate"
"Your payment receipt is available in the application.","legitimate"
"Your appointment reminder has been scheduled.","legitimate"
"Your package has been delivered successfully.","legitimate"
"Your account profile was updated successfully.","legitimate"
"Your subscription is active until the end of the month.","legitimate"
"Your login verification code was generated.","legitimate"
"Your requested document is available for download.","legitimate"
"Your payment has been received successfully.","legitimate"
"Your support ticket has been updated.","legitimate"
"Your order is being processed.","legitimate"
"Your account statement is ready for review.","legitimate"
"Your card payment was completed successfully.","legitimate"
"Your delivery tracking information has been updated.","legitimate"
"Your account recovery request has been processed.","legitimate"
"Your application status has been updated.","legitimate"
"Your invoice payment was recorded successfully.","legitimate"
"Your security notification is available in the official application.","legitimate"